{
  "neg": {
    "precision": 0.8135179153094463,
    "recall": 0.7992,
    "f1-score": 0.8062953995157385,
    "support": 5000.0
  },
  "pos": {
    "precision": 0.8026729559748428,
    "recall": 0.8168,
    "f1-score": 0.809674861221253,
    "support": 5000.0
  },
  "accuracy": 0.808,
  "macro avg": {
    "precision": 0.8080954356421446,
    "recall": 0.808,
    "f1-score": 0.8079851303684957,
    "support": 10000.0
  },
  "weighted avg": {
    "precision": 0.8080954356421446,
    "recall": 0.808,
    "f1-score": 0.8079851303684958,
    "support": 10000.0
  }
}